{"count":1,"gauges":{},"self":6.3403636,"total":7.3204186999999994,"children":{"AgentResetIfDone":{"count":282,"self":0.0100004,"total":0.0100004,"children":null},"AgentSendState":{"count":282,"self":0.0320018,"total":0.0750043,"children":{"CollectObservations":{"count":57,"self":0.0430025,"total":0.0430025,"children":null}}},"DecideAction":{"count":282,"self":0.8870503,"total":0.8870503,"children":null},"AcademyStep":{"count":282,"self":0.001,"total":0.001,"children":null},"AgentAct":{"count":282,"self":0.0040000999999999995,"total":0.0040000999999999995,"children":null}}}