{"cameraMode":{"drawMode":0,"name":"Shaded","section":"Shading Mode"},"sceneLighting":true,"audioPlay":false,"sceneViewState":{"showFog":true,"showMaterialUpdate":false,"showSkybox":true,"showFlares":true,"showImageEffects":true,"showParticleSystems":true},"in2DMode":false,"pivot":{"x":5.6891632080078129,"y":1.374600887298584,"z":1.7704339027404786},"rotation":{"x":-0.18439684808254243,"y":0.09331068396568299,"z":-0.017588742077350618,"w":-0.9782543778419495},"size":35.53776550292969,"orthographic":false}