{"count":1,"gauges":{},"self":0.2680154,"total":0.27101549999999996,"children":null}